{"cameraMode":{"drawMode":0,"name":"Shaded","section":"Shading Mode"},"sceneLighting":true,"audioPlay":false,"sceneViewState":{"showFog":false,"showMaterialUpdate":false,"showSkybox":false,"showFlares":false,"showImageEffects":false,"showParticleSystems":false},"in2DMode":false,"pivot":{"x":218.04591369628907,"y":-123.76485443115235,"z":628.0304565429688},"rotation":{"x":-0.2072925716638565,"y":-0.005593659356236458,"z":0.0011847789864987136,"w":-0.9782623052597046},"size":928.86669921875,"orthographic":false}