{"cameraMode":{"drawMode":0,"name":"Shaded","section":"Shading Mode"},"sceneLighting":true,"audioPlay":false,"sceneViewState":{"showFog":false,"showMaterialUpdate":false,"showSkybox":false,"showFlares":false,"showImageEffects":false,"showParticleSystems":false},"in2DMode":false,"pivot":{"x":251.77589416503907,"y":-11.93035888671875,"z":146.3905487060547},"rotation":{"x":-0.24882376194000245,"y":-0.1942545622587204,"z":0.05101347714662552,"w":-0.9474964737892151},"size":502.2760314941406,"orthographic":false}